date,population,status,exceedance
2026-01-01T00:00:00,44.625,P,N
2026-01-01T01:00:00,24.275,P,N
2026-01-01T02:00:00,17.725,P,N
2026-01-01T03:00:00,13.950,P,N
2026-01-01T04:00:00,11.875,P,N
2026-01-01T05:00:00,6.775,P,N
2026-01-01T06:00:00,3.675,P,N
2026-01-01T07:00:00,3.000,P,N
2026-01-01T08:00:00,3.975,P,N
2026-01-01T09:00:00,5.325,P,N
2026-01-01T10:00:00,6.425,P,N
2026-01-01T11:00:00,11.350,P,N
2026-01-01T12:00:00,11.250,P,N
2026-01-01T13:00:00,8.950,P,N
2026-01-01T14:00:00,11.125,P,N
2026-01-01T15:00:00,8.600,P,N
2026-01-01T16:00:00,5.075,P,N
2026-01-01T17:00:00,6.925,P,N
2026-01-01T18:00:00,14.825,P,N
2026-01-01T19:00:00,10.425,P,N
2026-01-01T20:00:00,10.800,P,N
2026-01-01T21:00:00,11.575,P,N
2026-01-01T22:00:00,11.250,P,N
2026-01-01T23:00:00,9.650,P,N
2026-01-02T00:00:00,8.625,P,N
2026-01-02T01:00:00,4.400,P,N
2026-01-02T02:00:00,1.700,P,N
2026-01-02T03:00:00,2.175,P,N
2026-01-02T04:00:00,2.075,P,N
2026-01-02T05:00:00,3.525,P,N
2026-01-02T06:00:00,4.925,P,N
2026-01-02T07:00:00,7.200,P,N
2026-01-02T08:00:00,8.725,P,N
2026-01-02T09:00:00,10.550,P,N
2026-01-02T10:00:00,10.550,P,N
2026-01-02T11:00:00,8.500,P,N
2026-01-02T12:00:00,9.500,P,N
2026-01-02T13:00:00,8.950,P,N
2026-01-02T14:00:00,11.925,P,N
2026-01-02T15:00:00,13.600,P,N
2026-01-02T16:00:00,13.850,P,N
2026-01-02T17:00:00,10.725,P,N
2026-01-02T18:00:00,11.675,P,N
2026-01-02T19:00:00,12.600,P,N
2026-01-02T20:00:00,11.675,P,N
2026-01-02T21:00:00,10.325,P,N
2026-01-02T22:00:00,8.325,P,N
2026-01-02T23:00:00,7.050,P,N
2026-01-03T00:00:00,4.800,P,N
2026-01-03T01:00:00,5.850,P,N
2026-01-03T02:00:00,9.375,P,N
2026-01-03T03:00:00,6.375,P,N
2026-01-03T04:00:00,5.275,P,N
2026-01-03T05:00:00,3.575,P,N
2026-01-03T06:00:00,3.850,P,N
2026-01-03T07:00:00,4.600,P,N
2026-01-03T08:00:00,5.975,P,N
2026-01-03T09:00:00,6.100,P,N
2026-01-03T10:00:00,6.925,P,N
2026-01-03T11:00:00,19.700,P,N
2026-01-03T12:00:00,14.500,P,N
2026-01-03T13:00:00,17.375,P,N
2026-01-03T14:00:00,14.625,P,N
2026-01-03T15:00:00,9.475,P,N
2026-01-03T16:00:00,12.325,P,N
2026-01-03T17:00:00,13.550,P,N
2026-01-03T18:00:00,15.975,P,N
2026-01-03T19:00:00,22.175,P,N
2026-01-03T20:00:00,18.600,P,N
2026-01-03T21:00:00,17.150,P,N
2026-01-03T22:00:00,15.825,P,N
2026-01-03T23:00:00,14.275,P,N
2026-01-04T00:00:00,11.500,P,N
2026-01-04T01:00:00,9.725,P,N
2026-01-04T02:00:00,8.350,P,N
2026-01-04T03:00:00,7.025,P,N
2026-01-04T04:00:00,6.925,P,N
2026-01-04T05:00:00,6.275,P,N
2026-01-04T06:00:00,6.750,P,N
2026-01-04T07:00:00,6.400,P,N
2026-01-04T08:00:00,6.175,P,N
2026-01-04T09:00:00,5.525,P,N
2026-01-04T10:00:00,5.725,P,N
2026-01-04T11:00:00,9.025,P,N
2026-01-04T12:00:00,15.425,P,N
2026-01-04T13:00:00,5.075,P,N
2026-01-04T14:00:00,4.725,P,N
2026-01-04T15:00:00,6.025,P,N
2026-01-04T16:00:00,8.250,P,N
2026-01-04T17:00:00,10.275,P,N
2026-01-04T18:00:00,10.750,P,N
2026-01-04T19:00:00,14.100,P,N
2026-01-04T20:00:00,12.825,P,N
2026-01-04T21:00:00,13.525,P,N
2026-01-04T22:00:00,11.725,P,N
2026-01-04T23:00:00,9.025,P,N
2026-01-05T00:00:00,6.375,P,N
2026-01-05T01:00:00,8.100,P,N
2026-01-05T02:00:00,6.625,P,N
2026-01-05T03:00:00,6.775,P,N
2026-01-05T04:00:00,7.525,P,N
2026-01-05T05:00:00,6.500,P,N
2026-01-05T06:00:00,9.475,P,N
2026-01-05T07:00:00,12.925,P,N
2026-01-05T08:00:00,10.650,P,N
2026-01-05T09:00:00,13.075,P,N
2026-01-05T10:00:00,14.550,P,N
2026-01-05T11:00:00,11.750,P,N
2026-01-05T12:00:00,7.775,P,N
2026-01-05T13:00:00,7.525,P,N
2026-01-05T14:00:00,4.600,P,N
2026-01-05T15:00:00,5.050,P,N
2026-01-05T16:00:00,7.425,P,N
2026-01-05T17:00:00,8.650,P,N
2026-01-05T18:00:00,11.975,P,N
2026-01-05T19:00:00,13.950,P,N
2026-01-05T20:00:00,13.750,P,N
2026-01-05T21:00:00,10.150,P,N
2026-01-05T22:00:00,9.700,P,N
2026-01-05T23:00:00,7.625,P,N
2026-01-06T00:00:00,7.300,P,N
2026-01-06T01:00:00,6.475,P,N
2026-01-06T02:00:00,5.025,P,N
2026-01-06T03:00:00,5.925,P,N
2026-01-06T04:00:00,5.575,P,N
2026-01-06T05:00:00,6.350,P,N
2026-01-06T06:00:00,6.350,P,N
2026-01-06T07:00:00,8.675,P,N
2026-01-06T08:00:00,12.875,P,N
2026-01-06T09:00:00,22.425,P,N
2026-01-06T10:00:00,10.725,P,N
2026-01-06T11:00:00,12.600,P,N
2026-01-06T12:00:00,10.950,P,N
2026-01-06T13:00:00,13.850,P,N
2026-01-06T14:00:00,10.200,P,N
2026-01-06T15:00:00,12.375,P,N
2026-01-06T16:00:00,18.550,P,N
2026-01-06T17:00:00,16.675,P,N
2026-01-06T18:00:00,12.875,P,N
2026-01-06T19:00:00,10.325,P,N
2026-01-06T20:00:00,7.150,P,N
2026-01-06T21:00:00,10.650,P,N
2026-01-06T22:00:00,5.075,P,N
2026-01-06T23:00:00,9.150,P,N
2026-01-07T00:00:00,8.300,P,N
2026-01-07T01:00:00,8.025,P,N
2026-01-07T02:00:00,8.800,P,N
2026-01-07T03:00:00,9.800,P,N
2026-01-07T04:00:00,10.025,P,N
2026-01-07T05:00:00,10.175,P,N
2026-01-07T06:00:00,9.925,P,N
2026-01-07T07:00:00,10.325,P,N
2026-01-07T08:00:00,13.850,P,N
2026-01-07T09:00:00,12.450,P,N
2026-01-07T10:00:00,12.850,P,N
2026-01-07T11:00:00,22.200,P,N
2026-01-07T12:00:00,28.700,P,N
2026-01-07T13:00:00,31.500,P,N
2026-01-07T14:00:00,29.550,P,N
2026-01-07T15:00:00,29.000,P,N
2026-01-07T16:00:00,22.725,P,N
2026-01-07T17:00:00,14.925,P,N
2026-01-07T18:00:00,16.025,P,N
2026-01-07T19:00:00,15.075,P,N
2026-01-07T20:00:00,13.750,P,N
2026-01-07T21:00:00,13.350,P,N
2026-01-07T22:00:00,13.850,P,N
2026-01-07T23:00:00,13.200,P,N
2026-01-08T00:00:00,11.000,P,N
2026-01-08T01:00:00,9.900,P,N
2026-01-08T02:00:00,11.125,P,N
2026-01-08T03:00:00,10.650,P,N
2026-01-08T04:00:00,10.150,P,N
2026-01-08T05:00:00,14.550,P,N
2026-01-08T06:00:00,12.325,P,N
2026-01-08T07:00:00,9.975,P,N
2026-01-08T08:00:00,8.000,P,N
2026-01-08T09:00:00,12.550,P,N
2026-01-08T10:00:00,9.825,P,N
2026-01-08T11:00:00,12.975,P,N
2026-01-08T12:00:00,17.250,P,N
2026-01-08T13:00:00,11.725,P,N
2026-01-08T14:00:00,9.375,P,N
2026-01-08T15:00:00,10.950,P,N
2026-01-08T16:00:00,9.075,P,N
2026-01-08T17:00:00,6.950,P,N
2026-01-08T18:00:00,5.225,P,N
2026-01-08T19:00:00,3.450,P,N
2026-01-08T20:00:00,1.900,P,N
2026-01-08T21:00:00,1.750,P,N
2026-01-08T22:00:00,1.200,P,N
2026-01-08T23:00:00,0.875,P,N
2026-01-09T00:00:00,1.175,P,N
2026-01-09T01:00:00,0.850,P,N
2026-01-09T02:00:00,0.825,P,N
2026-01-09T03:00:00,1.900,P,N
2026-01-09T04:00:00,3.300,P,N
2026-01-09T05:00:00,3.500,P,N
2026-01-09T06:00:00,4.775,P,N
2026-01-09T07:00:00,6.275,P,N
2026-01-09T08:00:00,5.725,P,N
2026-01-09T09:00:00,6.600,P,N
2026-01-09T10:00:00,6.825,P,N
2026-01-09T11:00:00,6.275,P,N
2026-01-09T12:00:00,5.600,P,N
2026-01-09T13:00:00,6.625,P,N
2026-01-09T14:00:00,9.750,P,N
2026-01-09T15:00:00,9.750,P,N
2026-01-09T16:00:00,8.700,P,N
2026-01-09T17:00:00,10.375,P,N
2026-01-09T18:00:00,10.400,P,N
2026-01-09T19:00:00,12.575,P,N
2026-01-09T20:00:00,13.150,P,N
2026-01-09T21:00:00,15.900,P,N
2026-01-09T22:00:00,17.600,P,N
2026-01-09T23:00:00,18.100,P,N
2026-01-10T00:00:00,18.800,P,N
2026-01-10T01:00:00,19.425,P,N
2026-01-10T02:00:00,19.225,P,N
2026-01-10T03:00:00,19.675,P,N
2026-01-10T04:00:00,20.775,P,N
2026-01-10T05:00:00,19.650,P,N
2026-01-10T06:00:00,20.225,P,N
2026-01-10T07:00:00,19.075,P,N
2026-01-10T08:00:00,17.800,P,N
2026-01-10T09:00:00,20.275,P,N
2026-01-10T10:00:00,26.050,P,N
2026-01-10T11:00:00,25.575,P,N
2026-01-10T12:00:00,25.900,P,N
2026-01-10T13:00:00,23.125,P,N
2026-01-10T14:00:00,23.550,P,N
2026-01-10T15:00:00,23.450,P,N
2026-01-10T16:00:00,27.050,P,N
2026-01-10T17:00:00,33.425,P,N
2026-01-10T18:00:00,38.950,P,N
2026-01-10T19:00:00,38.600,P,N
2026-01-10T20:00:00,35.575,P,N
2026-01-10T21:00:00,35.575,P,N
2026-01-10T22:00:00,28.925,P,N
2026-01-10T23:00:00,19.225,P,N
2026-01-11T00:00:00,16.200,P,N
2026-01-11T01:00:00,15.050,P,N
2026-01-11T02:00:00,13.175,P,N
2026-01-11T03:00:00,11.500,P,N
2026-01-11T04:00:00,9.925,P,N
2026-01-11T05:00:00,8.100,P,N
2026-01-11T06:00:00,8.225,P,N
2026-01-11T07:00:00,8.100,P,N
2026-01-11T08:00:00,8.225,P,N
2026-01-11T09:00:00,7.875,P,N
2026-01-11T10:00:00,7.775,P,N
2026-01-11T11:00:00,9.500,P,N
2026-01-11T12:00:00,9.550,P,N
2026-01-11T13:00:00,7.900,P,N
2026-01-11T14:00:00,5.150,P,N
2026-01-11T15:00:00,3.600,P,N
2026-01-11T16:00:00,3.600,P,N
2026-01-11T17:00:00,3.450,P,N
2026-01-11T18:00:00,4.125,P,N
2026-01-11T19:00:00,2.325,P,N
2026-01-11T20:00:00,2.325,P,N
2026-01-11T21:00:00,3.300,P,N
2026-01-11T22:00:00,3.900,P,N
2026-01-11T23:00:00,9.875,P,N
2026-01-12T00:00:00,13.775,P,N
2026-01-12T01:00:00,17.275,P,N
2026-01-12T02:00:00,14.000,P,N
2026-01-12T03:00:00,12.250,P,N
2026-01-12T04:00:00,14.450,P,N
2026-01-12T05:00:00,15.200,P,N
2026-01-12T06:00:00,14.300,P,N
2026-01-12T07:00:00,11.925,P,N
2026-01-12T08:00:00,16.075,P,N
2026-01-12T09:00:00,18.100,P,N
2026-01-12T10:00:00,18.850,P,N
2026-01-12T11:00:00,18.300,P,N
2026-01-12T12:00:00,18.875,P,N
2026-01-12T13:00:00,15.375,P,N
2026-01-12T14:00:00,15.275,P,N
2026-01-12T15:00:00,13.425,P,N
2026-01-12T16:00:00,11.975,P,N
2026-01-12T17:00:00,12.700,P,N
2026-01-12T18:00:00,13.125,P,N
2026-01-12T19:00:00,13.725,P,N
2026-01-12T20:00:00,13.150,P,N
2026-01-12T21:00:00,12.850,P,N
2026-01-12T22:00:00,12.300,P,N
2026-01-12T23:00:00,11.675,P,N
2026-01-13T00:00:00,11.025,P,N
2026-01-13T01:00:00,11.425,P,N
2026-01-13T02:00:00,11.800,P,N
2026-01-13T03:00:00,12.250,P,N
2026-01-13T04:00:00,12.250,P,N
2026-01-13T05:00:00,13.500,P,N
2026-01-13T06:00:00,11.725,P,N
2026-01-13T07:00:00,12.350,P,N
2026-01-13T08:00:00,11.875,P,N
2026-01-13T09:00:00,12.775,P,N
2026-01-13T10:00:00,11.350,P,N
2026-01-13T11:00:00,9.800,P,N
2026-01-13T12:00:00,6.675,P,N
2026-01-13T13:00:00,6.825,P,N
2026-01-13T14:00:00,5.725,P,N
2026-01-13T15:00:00,3.725,P,N
2026-01-13T16:00:00,5.625,P,N
2026-01-13T17:00:00,5.750,P,N
2026-01-13T18:00:00,9.550,P,N
2026-01-13T19:00:00,11.675,P,N
2026-01-13T20:00:00,13.825,P,N
2026-01-13T21:00:00,12.200,P,N
2026-01-13T22:00:00,13.375,P,N
2026-01-13T23:00:00,11.875,P,N
2026-01-14T00:00:00,10.225,P,N
2026-01-14T01:00:00,8.850,P,N
2026-01-14T02:00:00,8.725,P,N
2026-01-14T03:00:00,8.750,P,N
2026-01-14T04:00:00,8.350,P,N
2026-01-14T05:00:00,8.675,P,N
2026-01-14T06:00:00,8.950,P,N
2026-01-14T07:00:00,9.475,P,N
2026-01-14T08:00:00,12.100,P,N
2026-01-14T09:00:00,13.275,P,N
2026-01-14T10:00:00,17.350,P,N
2026-01-14T11:00:00,16.775,P,N
2026-01-14T12:00:00,23.450,P,N
2026-01-14T13:00:00,30.500,P,N
2026-01-14T14:00:00,22.100,P,N
2026-01-14T15:00:00,18.800,P,N
2026-01-14T16:00:00,15.625,P,N
2026-01-14T17:00:00,13.300,P,N
2026-01-14T18:00:00,13.575,P,N
2026-01-14T19:00:00,14.125,P,N
2026-01-14T20:00:00,12.475,P,N
2026-01-14T21:00:00,12.625,P,N
2026-01-14T22:00:00,12.200,P,N
2026-01-14T23:00:00,10.000,P,N
2026-01-15T00:00:00,11.150,P,N
2026-01-15T01:00:00,10.150,P,N
2026-01-15T02:00:00,8.475,P,N
2026-01-15T03:00:00,8.450,P,N
2026-01-15T04:00:00,7.275,P,N
2026-01-15T05:00:00,9.775,P,N
2026-01-15T06:00:00,10.200,P,N
2026-01-15T07:00:00,11.450,P,N
2026-01-15T08:00:00,12.125,P,N
2026-01-15T09:00:00,10.925,P,N
2026-01-15T10:00:00,13.050,P,N
2026-01-15T11:00:00,12.725,P,N
2026-01-15T12:00:00,20.900,P,N
2026-01-15T13:00:00,12.150,P,N
2026-01-15T14:00:00,9.700,P,N
2026-01-15T15:00:00,14.175,P,N
2026-01-15T16:00:00,6.450,P,N
2026-01-15T17:00:00,4.050,P,N
2026-01-15T18:00:00,3.400,P,N
2026-01-15T19:00:00,20.050,P,N
2026-01-15T20:00:00,48.525,P,N
2026-01-15T21:00:00,23.125,P,N
2026-01-15T22:00:00,16.550,P,N
2026-01-15T23:00:00,16.150,P,N
2026-01-16T00:00:00,18.400,P,N
2026-01-16T01:00:00,18.100,P,N
2026-01-16T02:00:00,14.225,P,N
2026-01-16T03:00:00,12.550,P,N
2026-01-16T04:00:00,10.950,P,N
2026-01-16T05:00:00,9.675,P,N
2026-01-16T06:00:00,10.875,P,N
2026-01-16T07:00:00,9.700,P,N
2026-01-16T08:00:00,9.900,P,N
2026-01-16T09:00:00,10.050,P,N
2026-01-16T10:00:00,9.150,P,N
2026-01-16T11:00:00,9.725,P,N
2026-01-16T12:00:00,13.175,P,N
2026-01-16T13:00:00,16.200,P,N
2026-01-16T14:00:00,16.750,P,N
2026-01-16T15:00:00,11.175,P,N
2026-01-16T16:00:00,7.375,P,N
2026-01-16T17:00:00,8.075,P,N
2026-01-16T18:00:00,10.075,P,N
2026-01-16T19:00:00,11.125,P,N
2026-01-16T20:00:00,11.425,P,N
2026-01-16T21:00:00,12.025,P,N
2026-01-16T22:00:00,11.350,P,N
2026-01-16T23:00:00,13.975,P,N
2026-01-17T00:00:00,11.225,P,N
2026-01-17T01:00:00,7.900,P,N
2026-01-17T02:00:00,4.925,P,N
2026-01-17T03:00:00,4.125,P,N
2026-01-17T04:00:00,3.300,P,N
2026-01-17T05:00:00,4.150,P,N
2026-01-17T06:00:00,4.575,P,N
2026-01-17T07:00:00,5.900,P,N
2026-01-17T08:00:00,5.800,P,N
2026-01-17T09:00:00,8.075,P,N
2026-01-17T10:00:00,7.200,P,N
2026-01-17T11:00:00,7.650,P,N
2026-01-17T12:00:00,8.550,P,N
2026-01-17T13:00:00,10.475,P,N
2026-01-17T14:00:00,9.200,P,N
2026-01-17T15:00:00,9.875,P,N
2026-01-17T16:00:00,10.800,P,N
2026-01-17T17:00:00,15.150,P,N
2026-01-17T18:00:00,19.325,P,N
2026-01-17T19:00:00,18.275,P,N
2026-01-17T20:00:00,22.800,P,N
2026-01-17T21:00:00,27.550,P,N
2026-01-17T22:00:00,29.300,P,N
2026-01-17T23:00:00,27.075,P,N
2026-01-18T00:00:00,27.250,P,N
2026-01-18T01:00:00,23.025,P,N
2026-01-18T02:00:00,21.450,P,N
2026-01-18T03:00:00,16.400,P,N
2026-01-18T04:00:00,9.225,P,N
2026-01-18T05:00:00,7.200,P,N
2026-01-18T06:00:00,8.700,P,N
2026-01-18T07:00:00,11.050,P,N
2026-01-18T08:00:00,10.650,P,N
2026-01-18T09:00:00,10.125,P,N
2026-01-18T10:00:00,11.125,P,N
2026-01-18T11:00:00,17.200,P,N
2026-01-18T12:00:00,18.975,P,N
2026-01-18T13:00:00,19.925,P,N
2026-01-18T14:00:00,18.775,P,N
2026-01-18T15:00:00,19.650,P,N
2026-01-18T16:00:00,17.050,P,N
2026-01-18T17:00:00,14.300,P,N
2026-01-18T18:00:00,17.425,P,N
2026-01-18T19:00:00,15.925,P,N
2026-01-18T20:00:00,14.825,P,N
2026-01-18T21:00:00,13.025,P,N
2026-01-18T22:00:00,14.925,P,N
2026-01-18T23:00:00,10.500,P,N
2026-01-19T00:00:00,7.625,P,N
2026-01-19T01:00:00,11.600,P,N
2026-01-19T02:00:00,21.425,P,N
2026-01-19T03:00:00,21.150,P,N
2026-01-19T04:00:00,23.675,P,N
2026-01-19T05:00:00,23.700,P,N
2026-01-19T06:00:00,21.575,P,N
2026-01-19T07:00:00,18.800,P,N
2026-01-19T08:00:00,19.750,P,N
2026-01-19T09:00:00,17.325,P,N
2026-01-19T10:00:00,17.175,P,N
2026-01-19T11:00:00,22.100,P,N
2026-01-19T12:00:00,15.750,P,N
2026-01-19T13:00:00,15.300,P,N
2026-01-19T14:00:00,16.350,P,N
2026-01-19T15:00:00,11.950,P,N
2026-01-19T16:00:00,16.650,P,N
2026-01-19T17:00:00,18.100,P,N
2026-01-19T18:00:00,15.650,P,N
2026-01-19T19:00:00,14.825,P,N
2026-01-19T20:00:00,7.500,P,N
2026-01-19T21:00:00,8.350,P,N
2026-01-19T22:00:00,11.525,P,N
2026-01-19T23:00:00,12.625,P,N
2026-01-20T00:00:00,11.825,P,N
2026-01-20T01:00:00,9.775,P,N
2026-01-20T02:00:00,9.325,P,N
2026-01-20T03:00:00,7.925,P,N
2026-01-20T04:00:00,8.775,P,N
2026-01-20T05:00:00,8.700,P,N
2026-01-20T06:00:00,9.475,P,N
2026-01-20T07:00:00,8.475,P,N
2026-01-20T08:00:00,7.675,P,N
2026-01-20T09:00:00,7.125,P,N
2026-01-20T10:00:00,5.600,P,N
2026-01-20T11:00:00,7.825,P,N
2026-01-20T12:00:00,16.975,P,N
2026-01-20T13:00:00,30.750,P,N
2026-01-20T14:00:00,26.125,P,N
2026-01-20T15:00:00,26.125,P,N
2026-01-20T16:00:00,20.850,P,N
2026-01-20T17:00:00,19.250,P,N
2026-01-20T18:00:00,24.125,P,N
2026-01-20T19:00:00,9.375,P,N
2026-01-20T20:00:00,5.925,P,N
2026-01-20T21:00:00,5.225,P,N
2026-01-20T22:00:00,3.850,P,N
2026-01-20T23:00:00,2.825,P,N
2026-01-21T00:00:00,2.650,P,N
2026-01-21T01:00:00,3.300,P,N
2026-01-21T02:00:00,3.375,P,N
2026-01-21T03:00:00,3.075,P,N
2026-01-21T04:00:00,3.875,P,N
2026-01-21T05:00:00,4.925,P,N
2026-01-21T06:00:00,5.925,P,N
2026-01-21T07:00:00,9.600,P,N
2026-01-21T08:00:00,8.475,P,N
2026-01-21T09:00:00,6.275,P,N
2026-01-21T10:00:00,6.550,P,N
2026-01-21T11:00:00,5.275,P,N
2026-01-21T12:00:00,3.275,P,N
2026-01-21T13:00:00,3.050,P,N
2026-01-21T14:00:00,3.000,P,N
2026-01-21T15:00:00,3.100,P,N
2026-01-21T16:00:00,3.325,P,N
2026-01-21T17:00:00,3.250,P,N
2026-01-21T18:00:00,5.175,P,N
2026-01-21T19:00:00,4.950,P,N
2026-01-21T20:00:00,4.875,P,N
2026-01-21T21:00:00,4.950,P,N
2026-01-21T22:00:00,5.175,P,N
2026-01-21T23:00:00,6.250,P,N
2026-01-22T00:00:00,5.350,P,N
2026-01-22T01:00:00,21.300,P,N
2026-01-22T02:00:00,14.475,P,N
2026-01-22T03:00:00,6.525,P,N
2026-01-22T04:00:00,5.325,P,N
2026-01-22T05:00:00,5.750,P,N
2026-01-22T06:00:00,7.325,P,N
2026-01-22T07:00:00,8.200,P,N
2026-01-22T08:00:00,10.275,P,N
2026-01-22T09:00:00,12.175,P,N
2026-01-22T10:00:00,13.375,P,N
2026-01-22T11:00:00,9.800,P,N
2026-01-22T12:00:00,11.500,P,N
2026-01-22T13:00:00,14.425,P,N
2026-01-22T14:00:00,15.975,P,N
2026-01-22T15:00:00,16.575,P,N
2026-01-22T16:00:00,12.100,P,N
2026-01-22T17:00:00,12.900,P,N
2026-01-22T18:00:00,13.100,P,N
2026-01-22T19:00:00,11.125,P,N
2026-01-22T20:00:00,9.325,P,N
2026-01-22T21:00:00,9.900,P,N
2026-01-22T22:00:00,7.225,P,N
2026-01-22T23:00:00,7.325,P,N
2026-01-23T00:00:00,5.650,P,N
2026-01-23T01:00:00,4.050,P,N
2026-01-23T02:00:00,4.775,P,N
2026-01-23T03:00:00,9.100,P,N
2026-01-23T04:00:00,10.450,P,N
2026-01-23T05:00:00,12.500,P,N
2026-01-23T06:00:00,12.025,P,N
2026-01-23T07:00:00,11.700,P,N
2026-01-23T08:00:00,11.975,P,N
2026-01-23T09:00:00,10.625,P,N
2026-01-23T10:00:00,8.125,P,N
2026-01-23T11:00:00,7.150,P,N
2026-01-23T12:00:00,5.700,P,N
2026-01-23T13:00:00,6.300,P,N
2026-01-23T14:00:00,7.875,P,N
2026-01-23T15:00:00,9.775,P,N
2026-01-23T16:00:00,9.325,P,N
2026-01-23T17:00:00,9.825,P,N
2026-01-23T18:00:00,10.475,P,N
2026-01-23T19:00:00,9.200,P,N
2026-01-23T20:00:00,8.025,P,N
2026-01-23T21:00:00,6.450,P,N
2026-01-23T22:00:00,7.950,P,N
2026-01-23T23:00:00,8.400,P,N
2026-01-24T00:00:00,7.750,P,N
2026-01-24T01:00:00,7.400,P,N
2026-01-24T02:00:00,7.850,P,N
2026-01-24T03:00:00,6.850,P,N
2026-01-24T04:00:00,7.575,P,N
2026-01-24T05:00:00,7.950,P,N
2026-01-24T06:00:00,8.125,P,N
2026-01-24T07:00:00,10.175,P,N
2026-01-24T08:00:00,11.350,P,N
2026-01-24T09:00:00,13.725,P,N
2026-01-24T10:00:00,13.675,P,N
2026-01-24T11:00:00,12.525,P,N
2026-01-24T12:00:00,12.675,P,N
2026-01-24T13:00:00,13.450,P,N
2026-01-24T14:00:00,10.525,P,N
2026-01-24T15:00:00,10.475,P,N
2026-01-24T16:00:00,10.500,P,N
2026-01-24T17:00:00,9.200,P,N
2026-01-24T18:00:00,9.025,P,N
2026-01-24T19:00:00,8.000,P,N
2026-01-24T20:00:00,8.450,P,N
2026-01-24T21:00:00,9.550,P,N
2026-01-24T22:00:00,7.475,P,N
2026-01-24T23:00:00,4.400,P,N
2026-01-25T00:00:00,3.175,P,N
2026-01-25T01:00:00,2.700,P,N
2026-01-25T02:00:00,1.875,P,N
2026-01-25T03:00:00,1.675,P,N
2026-01-25T04:00:00,3.900,P,N
2026-01-25T05:00:00,5.575,P,N
2026-01-25T06:00:00,6.300,P,N
2026-01-25T07:00:00,7.050,P,N
2026-01-25T08:00:00,7.000,P,N
2026-01-25T09:00:00,8.050,P,N
2026-01-25T10:00:00,8.925,P,N
2026-01-25T11:00:00,11.350,P,N
2026-01-25T12:00:00,8.900,P,N
2026-01-25T13:00:00,9.425,P,N
2026-01-25T14:00:00,12.200,P,N
2026-01-25T15:00:00,12.100,P,N
2026-01-25T16:00:00,15.675,P,N
2026-01-25T17:00:00,18.025,P,N
2026-01-25T18:00:00,17.475,P,N
2026-01-25T19:00:00,17.875,P,N
2026-01-25T20:00:00,21.925,P,N
2026-01-25T21:00:00,29.625,P,N
2026-01-25T22:00:00,31.750,P,N
2026-01-25T23:00:00,39.775,P,N
2026-01-26T00:00:00,42.175,P,N
2026-01-26T01:00:00,35.050,P,N
2026-01-26T02:00:00,33.250,P,N
2026-01-26T03:00:00,35.075,P,N
2026-01-26T04:00:00,37.975,P,N
2026-01-26T05:00:00,38.550,P,N
2026-01-26T06:00:00,42.425,P,N
2026-01-26T07:00:00,41.150,P,N
2026-01-26T08:00:00,44.125,P,N
2026-01-26T09:00:00,48.700,P,N
2026-01-26T10:00:00,48.575,P,N
2026-01-26T11:00:00,38.425,P,N
2026-01-26T12:00:00,35.350,P,N
2026-01-26T13:00:00,36.050,P,N
2026-01-26T14:00:00,34.275,P,N
2026-01-26T15:00:00,35.125,P,N
2026-01-26T16:00:00,34.325,P,N
2026-01-26T17:00:00,32.475,P,N
2026-01-26T18:00:00,31.175,P,N
2026-01-26T19:00:00,35.275,P,N
2026-01-26T20:00:00,40.750,P,N
2026-01-26T21:00:00,41.475,P,N
2026-01-26T22:00:00,39.400,P,N
2026-01-26T23:00:00,31.325,P,N
2026-01-27T00:00:00,32.675,P,N
2026-01-27T01:00:00,27.250,P,N
2026-01-27T02:00:00,17.675,P,N
2026-01-27T03:00:00,15.475,P,N
2026-01-27T04:00:00,12.525,P,N
2026-01-27T05:00:00,9.125,P,N
2026-01-27T06:00:00,6.075,P,N
2026-01-27T07:00:00,3.950,P,N
2026-01-27T08:00:00,3.000,P,N
2026-01-27T09:00:00,2.675,P,N
2026-01-27T10:00:00,2.700,P,N
2026-01-27T11:00:00,3.025,P,N
2026-01-27T12:00:00,3.575,P,N
2026-01-27T13:00:00,4.700,P,N
2026-01-27T14:00:00,8.400,P,N
2026-01-27T15:00:00,9.250,P,N
2026-01-27T16:00:00,11.150,P,N
2026-01-27T17:00:00,7.800,P,N
2026-01-27T18:00:00,5.575,P,N
2026-01-27T19:00:00,4.700,P,N
2026-01-27T20:00:00,7.375,P,N
2026-01-27T21:00:00,11.100,P,N
2026-01-27T22:00:00,10.900,P,N
2026-01-27T23:00:00,8.825,P,N
2026-01-28T00:00:00,9.400,P,N
2026-01-28T01:00:00,8.450,P,N
2026-01-28T02:00:00,9.625,P,N
2026-01-28T03:00:00,8.175,P,N
2026-01-28T04:00:00,9.100,P,N
2026-01-28T05:00:00,8.700,P,N
2026-01-28T06:00:00,10.175,P,N
2026-01-28T07:00:00,14.025,P,N
2026-01-28T08:00:00,18.500,P,N
2026-01-28T09:00:00,26.700,P,N
2026-01-28T10:00:00,16.525,P,N
2026-01-28T11:00:00,12.425,P,N
2026-01-28T12:00:00,13.625,P,N
2026-01-28T13:00:00,11.650,P,N
2026-01-28T14:00:00,11.400,P,N
2026-01-28T15:00:00,11.625,P,N
2026-01-28T16:00:00,12.275,P,N
2026-01-28T17:00:00,14.775,P,N
2026-01-28T18:00:00,19.075,P,N
2026-01-28T19:00:00,14.575,P,N
2026-01-28T20:00:00,25.600,P,N
2026-01-28T21:00:00,22.650,P,N
2026-01-28T22:00:00,29.375,P,N
2026-01-28T23:00:00,27.075,P,N
2026-01-29T00:00:00,25.775,P,N
2026-01-29T01:00:00,23.975,P,N
2026-01-29T02:00:00,26.825,P,N
2026-01-29T03:00:00,17.425,P,N
2026-01-29T04:00:00,14.600,P,N
2026-01-29T05:00:00,10.775,P,N
2026-01-29T06:00:00,12.025,P,N
2026-01-29T07:00:00,13.200,P,N
2026-01-29T08:00:00,12.200,P,N
2026-01-29T09:00:00,12.375,P,N
2026-01-29T10:00:00,16.025,P,N
2026-01-29T11:00:00,17.525,P,N
2026-01-29T12:00:00,16.275,P,N
2026-01-29T13:00:00,20.550,P,N
2026-01-29T14:00:00,19.625,P,N
2026-01-29T15:00:00,19.200,P,N
2026-01-29T16:00:00,19.450,P,N
2026-01-29T17:00:00,20.375,P,N
2026-01-29T18:00:00,21.500,P,N
2026-01-29T19:00:00,20.425,P,N
2026-01-29T20:00:00,22.275,P,N
2026-01-29T21:00:00,21.800,P,N
2026-01-29T22:00:00,21.475,P,N
2026-01-29T23:00:00,19.375,P,N
2026-01-30T00:00:00,19.050,P,N
2026-01-30T01:00:00,17.675,P,N
2026-01-30T02:00:00,15.050,P,N
2026-01-30T03:00:00,9.550,P,N
2026-01-30T04:00:00,7.375,P,N
2026-01-30T05:00:00,7.250,P,N
2026-01-30T06:00:00,7.175,P,N
2026-01-30T07:00:00,6.775,P,N
2026-01-30T08:00:00,7.850,P,N
2026-01-30T09:00:00,8.925,P,N
2026-01-30T10:00:00,10.850,P,N
2026-01-30T11:00:00,14.000,P,N
2026-01-30T12:00:00,11.975,P,N
2026-01-30T13:00:00,11.100,P,N
2026-01-30T14:00:00,15.950,P,N
2026-01-30T15:00:00,14.700,P,N
2026-01-30T16:00:00,14.725,P,N
2026-01-30T17:00:00,16.050,P,N
2026-01-30T18:00:00,14.350,P,N
2026-01-30T19:00:00,10.700,P,N
2026-01-30T20:00:00,9.675,P,N
2026-01-30T21:00:00,7.950,P,N
2026-01-30T22:00:00,4.700,P,N
2026-01-30T23:00:00,3.450,P,N
2026-01-31T00:00:00,3.075,P,N
2026-01-31T01:00:00,2.800,P,N
2026-01-31T02:00:00,4.550,P,N
2026-01-31T03:00:00,6.350,P,N
2026-01-31T04:00:00,8.775,P,N
2026-01-31T05:00:00,12.025,P,N
2026-01-31T06:00:00,12.825,P,N
2026-01-31T07:00:00,12.275,P,N
2026-01-31T08:00:00,14.000,P,N
2026-01-31T09:00:00,12.700,P,N
2026-01-31T10:00:00,10.350,P,N
2026-01-31T11:00:00,9.950,P,N
2026-01-31T12:00:00,10.275,P,N
2026-01-31T13:00:00,9.475,P,N
2026-01-31T14:00:00,6.425,P,N
2026-01-31T15:00:00,6.150,P,N
2026-01-31T16:00:00,9.300,P,N
2026-01-31T17:00:00,7.550,P,N
2026-01-31T18:00:00,7.300,P,N
2026-01-31T19:00:00,21.500,P,N
2026-01-31T20:00:00,11.825,P,N
2026-01-31T21:00:00,11.025,P,N
2026-01-31T22:00:00,11.200,P,N
2026-01-31T23:00:00,11.650,P,N
